"10 - SAUDE","302 - ASSISTENCIA HOSPITALAR E AMBULATORIAL","31900701 - CONTRIBUICAO PATRONAL","                   0,00","               1.311,15"
"10 - SAUDE","302 - ASSISTENCIA HOSPITALAR E AMBULATORIAL","31901112 - PESSOAL CIVIL PAGO PELA UNIDADE","         342.644.872,29","          18.604.452,58"
"10 - SAUDE","302 - ASSISTENCIA HOSPITALAR E AMBULATORIAL","31901129 - PESSOAL CIVIL PAGO PELA UNIDADE-13 SALARIO","          18.676.897,85","             394.725,12"
"10 - SAUDE","302 - ASSISTENCIA HOSPITALAR E AMBULATORIAL","31901131 - PESSOAL CIVIL PAGO PELA UNIDADE-1/3 FERIAS","           4.044.514,12","             506.372,04"
"10 - SAUDE","302 - ASSISTENCIA HOSPITALAR E AMBULATORIAL","31901136 - ABONO DE PERMANENCIA","           1.677.689,96","              82.099,76"
"10 - SAUDE","302 - ASSISTENCIA HOSPITALAR E AMBULATORIAL","31901313 - FUNDO DE GARANTIA POR TEMPO DE SERVICO","          10.838.938,67","           1.235.564,76"
"10 - SAUDE","302 - ASSISTENCIA HOSPITALAR E AMBULATORIAL","31901321 - FGTS-13 SALARIO","             519.891,87","              13.197,24"
"10 - SAUDE","302 - ASSISTENCIA HOSPITALAR E AMBULATORIAL","31901323 - PREVIDENCIA SOCIAL/PESSOAL CLT","          32.056.361,21","           3.456.023,44"
"10 - SAUDE","302 - ASSISTENCIA HOSPITALAR E AMBULATORIAL","31911301 - CONTRIB PATRONAL-SAO PAULO PREVIDENCIA-SPPRE","                   0,00","           5.510.539,92"
"10 - SAUDE","302 - ASSISTENCIA HOSPITALAR E AMBULATORIAL","33901401 - DIARIAS PESSOAL CIVIL","              64.146,00","               2.675,00"
"10 - SAUDE","302 - ASSISTENCIA HOSPITALAR E AMBULATORIAL","33901416 - DIARIAS NO EXTERIOR","               6.873,00","                   0,00"
"10 - SAUDE","302 - ASSISTENCIA HOSPITALAR E AMBULATORIAL","33901801 - AUXILIO FINANCEIRO A ESTUDANTES","                 875,00","                   0,00"
"10 - SAUDE","302 - ASSISTENCIA HOSPITALAR E AMBULATORIAL","33903010 - GENEROS ALIMENTICIOS","           1.879.917,69","             520.548,98"
"10 - SAUDE","302 - ASSISTENCIA HOSPITALAR E AMBULATORIAL","33903012 - MATERIAL DE CAMA, MESA E BANHO","               2.750,00","                   0,00"
"10 - SAUDE","302 - ASSISTENCIA HOSPITALAR E AMBULATORIAL","33903013 - MATERIAL E UTENS.P/REFEITORIO,COPA E COZINHA","              27.009,30","                   0,00"
"10 - SAUDE","302 - ASSISTENCIA HOSPITALAR E AMBULATORIAL","33903014 - MATERIAL DE LIMPEZA","               9.456,00","                   0,00"
"10 - SAUDE","302 - ASSISTENCIA HOSPITALAR E AMBULATORIAL","33903015 - ARTIGOS DE HIGIENE PESSOAL","               8.392,38","                   0,00"
"10 - SAUDE","302 - ASSISTENCIA HOSPITALAR E AMBULATORIAL","33903016 - MATERIAL DE ACONDICIONAMENTO E EMBALAGEM","               5.946,67","                   0,00"
"10 - SAUDE","302 - ASSISTENCIA HOSPITALAR E AMBULATORIAL","33903019 - LUBRIFICANTE AUTOMOTIVO","             179.433,80","                   0,00"
"10 - SAUDE","302 - ASSISTENCIA HOSPITALAR E AMBULATORIAL","33903024 - OUTROS COMBUSTIVEIS E LUBRIFICANTES","             182.413,43","              63.399,20"
"10 - SAUDE","302 - ASSISTENCIA HOSPITALAR E AMBULATORIAL","33903030 - MEDICAMENTOS E INSUMOS FARMACEUTICOS","          20.828.469,19","           1.462.102,45"
"10 - SAUDE","302 - ASSISTENCIA HOSPITALAR E AMBULATORIAL","33903031 - MATERIAL MEDICO,HOSPITALAR E ODONTOLOGICO","          28.028.690,44","           5.071.300,24"
"10 - SAUDE","302 - ASSISTENCIA HOSPITALAR E AMBULATORIAL","33903032 - MATERIAL DE USO LABORATORIAL","           7.949.824,86","                   0,00"
"10 - SAUDE","302 - ASSISTENCIA HOSPITALAR E AMBULATORIAL","33903039 - MATERIAL ESPORTIVO E DE LAZER","                 870,00","                   0,00"
"10 - SAUDE","302 - ASSISTENCIA HOSPITALAR E AMBULATORIAL","33903040 - MATERIAL EDUCATIVO E CULTURAL","                 390,00","                   0,00"
"10 - SAUDE","302 - ASSISTENCIA HOSPITALAR E AMBULATORIAL","33903041 - MATERIAL DE ESCRITORIO PAPELARIA E IMPRESSOS","              79.159,16","               8.026,80"
"10 - SAUDE","302 - ASSISTENCIA HOSPITALAR E AMBULATORIAL","33903043 - LIVROS P/BIBLIO.PUBLI,MAPAS,OUTRAS PUBLICACA","                 376,20","                   0,00"
"10 - SAUDE","302 - ASSISTENCIA HOSPITALAR E AMBULATORIAL","33903050 - PECAS DE REPOSICAO E ACESSORIOS","             873.090,84","             123.392,73"
"10 - SAUDE","302 - ASSISTENCIA HOSPITALAR E AMBULATORIAL","33903051 - FERRAM.AVULSAS NAO ACION.P/FORCA MOTRIZ","                 477,40","                   0,00"
"10 - SAUDE","302 - ASSISTENCIA HOSPITALAR E AMBULATORIAL","33903052 - MATERIAL P/ CONSERVACAO E MANUT. DE IMOVEIS","              18.933,31","                   0,00"
"10 - SAUDE","302 - ASSISTENCIA HOSPITALAR E AMBULATORIAL","33903054 - MATERIAL INSTALACAO ELETRICA E ELETRONICA","               6.105,00","                   0,00"
"10 - SAUDE","302 - ASSISTENCIA HOSPITALAR E AMBULATORIAL","33903060 - SUPRIMENTO DE INFORMATICA","             191.976,04","               7.181,35"
"10 - SAUDE","302 - ASSISTENCIA HOSPITALAR E AMBULATORIAL","33903061 - PECAS E ACESSOR.E COMPONENTES DE INFORMATICA","              38.394,77","                 242,00"
"10 - SAUDE","302 - ASSISTENCIA HOSPITALAR E AMBULATORIAL","33903063 - FARDAMENTO,VESTUARIO,UNIFOR,TECIDO, AVIAMENT","               3.944,00","                   0,00"
"10 - SAUDE","302 - ASSISTENCIA HOSPITALAR E AMBULATORIAL","33903066 - MATERIAL PROT.SEGUR.SOCORRO E SOBREVIVENCIA","               7.748,80","                   0,00"
"10 - SAUDE","302 - ASSISTENCIA HOSPITALAR E AMBULATORIAL","33903080 - ANIMAIS PARA ABATE,EXPERIMENTO E SEMEM","              22.873,20","               8.002,00"
"10 - SAUDE","302 - ASSISTENCIA HOSPITALAR E AMBULATORIAL","33903090 - OUTROS MATERIAIS DE CONSUMO","           4.377.663,40","             548.496,33"
"10 - SAUDE","302 - ASSISTENCIA HOSPITALAR E AMBULATORIAL","33903295 - MATERIAL OU BEM PARA DISTRIBUICAO GRATUITA","          10.936.717,43","           2.405.402,87"
"10 - SAUDE","302 - ASSISTENCIA HOSPITALAR E AMBULATORIAL","33903342 - PASSAGENS AEREAS","             123.419,00","                   0,00"
"10 - SAUDE","302 - ASSISTENCIA HOSPITALAR E AMBULATORIAL","33903343 - LOCACAO DE VEICULOS,AERONAVES E OUTROS","             475.926,39","              48.810,99"
"10 - SAUDE","302 - ASSISTENCIA HOSPITALAR E AMBULATORIAL","33903344 - VALE-TRANSPORTE","             114.079,80","               6.858,00"
"10 - SAUDE","302 - ASSISTENCIA HOSPITALAR E AMBULATORIAL","33903345 - OUTRAS DESP.C/TRANSPORTES E LOCOMOCAO","              69.061,14","                   0,00"
"10 - SAUDE","302 - ASSISTENCIA HOSPITALAR E AMBULATORIAL","33903347 - TRANSPORTE ESCOLAR","               5.950,00","                   0,00"
"10 - SAUDE","302 - ASSISTENCIA HOSPITALAR E AMBULATORIAL","33903613 - ESTAGIARIOS DIRETAMENTE CONTRATADOS","             715.181,74","              68.178,69"
"10 - SAUDE","302 - ASSISTENCIA HOSPITALAR E AMBULATORIAL","33903796 - SERVICOS DE LIMPEZA","          12.189.580,84","              40.706,76"
"10 - SAUDE","302 - ASSISTENCIA HOSPITALAR E AMBULATORIAL","33903912 - SERV.PROGRAMAS E APLICATIVOS DE INFORMATICA","             299.763,08","              24.482,23"
"10 - SAUDE","302 - ASSISTENCIA HOSPITALAR E AMBULATORIAL","33903913 - LOCACAO DE EQUIPAMENTOS DE INFORMATICA","             142.979,41","              14.104,38"
"10 - SAUDE","302 - ASSISTENCIA HOSPITALAR E AMBULATORIAL","33903916 - GAS MEDICINAL (SERV.DE FORNEC. E LOCACAO)","             292.103,27","              42.570,95"
"10 - SAUDE","302 - ASSISTENCIA HOSPITALAR E AMBULATORIAL","33903919 - LOCACAO DE MAQUINAS E EQUIPAMENTOS DIVERSOS","           1.767.874,75","             161.388,50"
"10 - SAUDE","302 - ASSISTENCIA HOSPITALAR E AMBULATORIAL","33903920 - INSTAL.MANUT.DE EQUIP.DE INFORMATICA","              46.602,00","                   0,00"
"10 - SAUDE","302 - ASSISTENCIA HOSPITALAR E AMBULATORIAL","33903921 - SERVICOS DE COMUNICACAO DE DADOS","               2.934,00","                   0,00"
"10 - SAUDE","302 - ASSISTENCIA HOSPITALAR E AMBULATORIAL","33903936 - DEDETIZACAO,DESINSETIZACAO E DESRATIZACAO","             109.157,51","              12.174,72"
"10 - SAUDE","302 - ASSISTENCIA HOSPITALAR E AMBULATORIAL","33903941 - SERVICO DE LAVANDERIA","           2.359.688,00","             314.064,71"
"10 - SAUDE","302 - ASSISTENCIA HOSPITALAR E AMBULATORIAL","33903954 - CONGRESSOS,SEMINARIOS,SIMPOSIOS E CONGENERES","              24.391,00","                   0,00"
"10 - SAUDE","302 - ASSISTENCIA HOSPITALAR E AMBULATORIAL","33903961 - CURSOS PARA SERVIDOR/FUNCIONARIO","                 280,00","                   0,00"
"10 - SAUDE","302 - ASSISTENCIA HOSPITALAR E AMBULATORIAL","33903971 - FORNEC.ALIMENTACAO PREPARADA-FUNCIONARIOS","                   0,00","             199.824,39"
"10 - SAUDE","302 - ASSISTENCIA HOSPITALAR E AMBULATORIAL","33903973 - FORNEC.ALIMENTACAO PREPARADA-OUTROS","             644.994,53","                   0,00"
"10 - SAUDE","302 - ASSISTENCIA HOSPITALAR E AMBULATORIAL","33903979 - CONSERVACAO E MANUTENCAO DE IMOVEIS","              61.850,38","                   0,00"
"10 - SAUDE","302 - ASSISTENCIA HOSPITALAR E AMBULATORIAL","33903980 - CONSERV.MANUTENC.DE BENS MOVEIS E EQUIPAMENT","           5.729.854,05","             712.741,25"
"10 - SAUDE","302 - ASSISTENCIA HOSPITALAR E AMBULATORIAL","33903981 - REFORMAS DE IMOVEIS","              30.510,97","                   0,00"
"10 - SAUDE","302 - ASSISTENCIA HOSPITALAR E AMBULATORIAL","33903983 - SERVICOS GRAFICOS","              10.002,76","                  30,00"
"10 - SAUDE","302 - ASSISTENCIA HOSPITALAR E AMBULATORIAL","33903992 - DESPESAS MIUDAS E DE PRONTO PAGAMENTO","              92.671,49","                   0,00"
"10 - SAUDE","302 - ASSISTENCIA HOSPITALAR E AMBULATORIAL","33903999 - OUTROS SERVICOS DE TERCEIROS","          23.764.729,50","             894.307,84"
"10 - SAUDE","302 - ASSISTENCIA HOSPITALAR E AMBULATORIAL","33904720 - OUTRAS OBRIGACOES TRIBUTARIAS E CONTRIBUTIVA","              36.384,85","                   0,00"
"10 - SAUDE","302 - ASSISTENCIA HOSPITALAR E AMBULATORIAL","33909214 - LIMPEZA","           1.184.621,19","                   0,00"
"10 - SAUDE","302 - ASSISTENCIA HOSPITALAR E AMBULATORIAL","33909220 - OUTRAS DESPESAS DE EXERCICIOS ANTERIORES","               1.791,06","                   0,00"
"10 - SAUDE","302 - ASSISTENCIA HOSPITALAR E AMBULATORIAL","33909315 - AJUDA DE CUSTO-PESSOAL CIVIL","              31.337,66","                   0,00"
"10 - SAUDE","302 - ASSISTENCIA HOSPITALAR E AMBULATORIAL","44903999 - OUTROS SERVICOS DE TERCEIROS","                 570,00","                   0,00"
"10 - SAUDE","302 - ASSISTENCIA HOSPITALAR E AMBULATORIAL","44905110 - ESTUDOS E PROJETOS","                   0,00","               6.985,79"
"10 - SAUDE","302 - ASSISTENCIA HOSPITALAR E AMBULATORIAL","44905130 - EXECUCAO DE OBRAS E INSTALACOES","              11.021,54","                   0,00"
"10 - SAUDE","302 - ASSISTENCIA HOSPITALAR E AMBULATORIAL","44905220 - EQUIPAMENTOS PARA INFORMATICA","             539.612,79","              63.288,60"
"10 - SAUDE","302 - ASSISTENCIA HOSPITALAR E AMBULATORIAL","44905232 - MOBILIARIO EM GERAL","             307.384,21","             101.087,00"
"10 - SAUDE","302 - ASSISTENCIA HOSPITALAR E AMBULATORIAL","44905233 - MATERIAL EDUCATIVO,CULTURAL E RECREATIVO","                 219,00","                   0,00"
"10 - SAUDE","302 - ASSISTENCIA HOSPITALAR E AMBULATORIAL","44905234 - OUTROS EQUIPAMENTOS E MATERIAL PERMANENTE","             698.680,80","           1.362.000,42"
"10 - SAUDE","302 - ASSISTENCIA HOSPITALAR E AMBULATORIAL","44905235 - EQUIP.E MOBIL.MED.-HOSPITALAR,ODONTOLOGICO","           5.472.447,10","             464.816,63"
"12 - EDUCACAO","122 - ADMINISTRACAO GERAL","31900111 - INATIVOS-RPPS","           3.223.467,90","             264.342,43"
"12 - EDUCACAO","122 - ADMINISTRACAO GERAL","31900114 - INATIVOS 13 SALARIO-RPPS","             304.251,72","              10.334,96"
"12 - EDUCACAO","122 - ADMINISTRACAO GERAL","31900701 - CONTRIBUICAO PATRONAL","                   0,00","                 943,20"
"12 - EDUCACAO","122 - ADMINISTRACAO GERAL","31901112 - PESSOAL CIVIL PAGO PELA UNIDADE","         198.830.147,97","          11.466.317,73"
"12 - EDUCACAO","122 - ADMINISTRACAO GERAL","31901129 - PESSOAL CIVIL PAGO PELA UNIDADE-13 SALARIO","          16.712.894,51","             311.969,74"
"12 - EDUCACAO","122 - ADMINISTRACAO GERAL","31901131 - PESSOAL CIVIL PAGO PELA UNIDADE-1/3 FERIAS","           2.998.590,43","             478.157,55"
"12 - EDUCACAO","122 - ADMINISTRACAO GERAL","31901136 - ABONO DE PERMANENCIA","           2.897.537,81","             208.148,05"
"12 - EDUCACAO","122 - ADMINISTRACAO GERAL","31901313 - FUNDO DE GARANTIA POR TEMPO DE SERVICO","           6.993.824,24","             761.965,59"
"12 - EDUCACAO","122 - ADMINISTRACAO GERAL","31901321 - FGTS-13 SALARIO","             358.030,46","               3.877,42"
"12 - EDUCACAO","122 - ADMINISTRACAO GERAL","31901323 - PREVIDENCIA SOCIAL/PESSOAL CLT","          19.924.870,72","           2.025.190,26"
"12 - EDUCACAO","122 - ADMINISTRACAO GERAL","31901327 - ENC.PATRO.POR DEMISSAO DE SERVIDOR/EMPREGADO","             897.876,63","               5.173,42"
"12 - EDUCACAO","122 - ADMINISTRACAO GERAL","31905921 - PENSAO JUDICIAL DE CARATER INDENIZATORIO","                   0,00","               8.136,00"
"12 - EDUCACAO","122 - ADMINISTRACAO GERAL","31909412 - INDENIZ.POR DEMISSAO DE SERVID.OU EMPREG.","          13.061.827,15","           1.417.142,75"
"12 - EDUCACAO","122 - ADMINISTRACAO GERAL","31911301 - CONTRIB PATRONAL-SAO PAULO PREVIDENCIA-SPPRE","                   0,00","          15.833.588,64"
"12 - EDUCACAO","122 - ADMINISTRACAO GERAL","31911302 - CONTRIB ESTADO P/COBERTURA INSUF FIN-SPPREV","                   0,00","         153.063.467,74"
"12 - EDUCACAO","122 - ADMINISTRACAO GERAL","31911304 - PARCELTO. DE DEBITOS JUNTO A PREV ESTADUAL.","                   0,00","          97.112.372,47"
"12 - EDUCACAO","122 - ADMINISTRACAO GERAL","33900842 - AUXILIO FUNERAL - PODER EXECUTIVO","             272.706,82","                   0,00"
"12 - EDUCACAO","122 - ADMINISTRACAO GERAL","33900845 - AUXILIO FUNERAL - PODER EXECUTIVO - INATIVOS","             337.644,42","                   0,00"
"12 - EDUCACAO","122 - ADMINISTRACAO GERAL","33901401 - DIARIAS PESSOAL CIVIL","             270.247,90","                  34,00"
"12 - EDUCACAO","122 - ADMINISTRACAO GERAL","33901416 - DIARIAS NO EXTERIOR","             283.305,49","                   0,00"
"12 - EDUCACAO","122 - ADMINISTRACAO GERAL","33901801 - AUXILIO FINANCEIRO A ESTUDANTES","           1.239.350,00","              10.700,00"
"12 - EDUCACAO","122 - ADMINISTRACAO GERAL","33903010 - GENEROS ALIMENTICIOS","               2.300,00","                   0,00"
"12 - EDUCACAO","122 - ADMINISTRACAO GERAL","33903013 - MATERIAL E UTENS.P/REFEITORIO,COPA E COZINHA","                 968,84","                   0,00"
"12 - EDUCACAO","122 - ADMINISTRACAO GERAL","33903014 - MATERIAL DE LIMPEZA","                 945,00","                   0,00"
"12 - EDUCACAO","122 - ADMINISTRACAO GERAL","33903015 - ARTIGOS DE HIGIENE PESSOAL","               3.608,15","                   0,00"
"12 - EDUCACAO","122 - ADMINISTRACAO GERAL","33903016 - MATERIAL DE ACONDICIONAMENTO E EMBALAGEM","               5.515,00","                   0,00"
"12 - EDUCACAO","122 - ADMINISTRACAO GERAL","33903021 - GASOLINA AUTOMOTIVA","              97.604,31","              11.607,29"
"12 - EDUCACAO","122 - ADMINISTRACAO GERAL","33903022 - DIESEL AUTOMOTIVO","             398.731,75","              36.144,32"
"12 - EDUCACAO","122 - ADMINISTRACAO GERAL","33903023 - ETANOL AUTOMOTIVO","             573.703,78","              54.507,74"
"12 - EDUCACAO","122 - ADMINISTRACAO GERAL","33903024 - OUTROS COMBUSTIVEIS E LUBRIFICANTES","             142.893,55","               9.641,82"
"12 - EDUCACAO","122 - ADMINISTRACAO GERAL","33903031 - MATERIAL MEDICO,HOSPITALAR E ODONTOLOGICO","              43.880,61","                   0,00"
"12 - EDUCACAO","122 - ADMINISTRACAO GERAL","33903032 - MATERIAL DE USO LABORATORIAL","              34.697,29","                   0,00"
"12 - EDUCACAO","122 - ADMINISTRACAO GERAL","33903040 - MATERIAL EDUCATIVO E CULTURAL","              47.570,60","                 267,00"
"12 - EDUCACAO","122 - ADMINISTRACAO GERAL","33903041 - MATERIAL DE ESCRITORIO PAPELARIA E IMPRESSOS","              80.498,15","                 355,21"
"12 - EDUCACAO","122 - ADMINISTRACAO GERAL","33903043 - LIVROS P/BIBLIO.PUBLI,MAPAS,OUTRAS PUBLICACA","               1.533,50","                   0,00"
"12 - EDUCACAO","122 - ADMINISTRACAO GERAL","33903050 - PECAS DE REPOSICAO E ACESSORIOS","             104.353,90","               3.919,97"
"12 - EDUCACAO","122 - ADMINISTRACAO GERAL","33903051 - FERRAM.AVULSAS NAO ACION.P/FORCA MOTRIZ","               2.666,80","                   0,00"
"12 - EDUCACAO","122 - ADMINISTRACAO GERAL","33903052 - MATERIAL P/ CONSERVACAO E MANUT. DE IMOVEIS","                 223,24","                   0,00"
"12 - EDUCACAO","122 - ADMINISTRACAO GERAL","33903054 - MATERIAL INSTALACAO ELETRICA E ELETRONICA","               7.854,43","                   0,00"
"12 - EDUCACAO","122 - ADMINISTRACAO GERAL","33903055 - MATERIAL PARA TELECOMUNICACOES","                 810,00","                   0,00"
"12 - EDUCACAO","122 - ADMINISTRACAO GERAL","33903060 - SUPRIMENTO DE INFORMATICA","               7.709,64","                   0,00"
"12 - EDUCACAO","122 - ADMINISTRACAO GERAL","33903061 - PECAS E ACESSOR.E COMPONENTES DE INFORMATICA","              31.983,54","                   0,00"
"12 - EDUCACAO","122 - ADMINISTRACAO GERAL","33903063 - FARDAMENTO,VESTUARIO,UNIFOR,TECIDO, AVIAMENT","               2.328,00","                   0,00"
"12 - EDUCACAO","122 - ADMINISTRACAO GERAL","33903082 - SEMENTES E MUDAS DE PLANTAS","               5.005,00","                   0,00"
"12 - EDUCACAO","122 - ADMINISTRACAO GERAL","33903090 - OUTROS MATERIAIS DE CONSUMO","           3.626.791,98","              17.771,40"
"12 - EDUCACAO","122 - ADMINISTRACAO GERAL","33903342 - PASSAGENS AEREAS","           1.351.652,72","              22.668,31"
"12 - EDUCACAO","122 - ADMINISTRACAO GERAL","33903343 - LOCACAO DE VEICULOS,AERONAVES E OUTROS","          12.660.001,78","           1.412.725,59"
"12 - EDUCACAO","122 - ADMINISTRACAO GERAL","33903344 - VALE-TRANSPORTE","             328.372,71","              21.836,00"
"12 - EDUCACAO","122 - ADMINISTRACAO GERAL","33903345 - OUTRAS DESP.C/TRANSPORTES E LOCOMOCAO","               1.098,16","                   0,00"
"12 - EDUCACAO","122 - ADMINISTRACAO GERAL","33903346 - TRANSPORTE PARA LOCOMOCAO DE SERVIDORES","              27.149,22","                   0,00"
"12 - EDUCACAO","122 - ADMINISTRACAO GERAL","33903504 - SERVICOS DE CONSULTORIA-PESSOA JURIDICA","              49.343,44","                   0,00"
"12 - EDUCACAO","122 - ADMINISTRACAO GERAL","33903611 - OUTRAS REMUNERACOES DE SERVICOS PESSOAIS","             983.006,70","               8.238,05"
"12 - EDUCACAO","122 - ADMINISTRACAO GERAL","33903612 - ENCARGOS SOCIAIS E OBRIGACOES FISCAIS","              18.317,88","               1.790,51"
"12 - EDUCACAO","122 - ADMINISTRACAO GERAL","33903613 - ESTAGIARIOS DIRETAMENTE CONTRATADOS","           2.189.130,24","             235.361,16"
"12 - EDUCACAO","122 - ADMINISTRACAO GERAL","33903616 - AJUDA DE CUSTO A COLABORADORES EVENTUAIS","              31.785,90","                   0,00"
"12 - EDUCACAO","122 - ADMINISTRACAO GERAL","33903625 - CURSOS, PALESTRAS","              11.664,92","                   0,00"
"12 - EDUCACAO","122 - ADMINISTRACAO GERAL","33903626 - SERVICOS TECNICOS E ESPECIALIZADOS","               5.137,21","                   0,00"
"12 - EDUCACAO","122 - ADMINISTRACAO GERAL","33903691 - LOCACAO DE IMOVEIS","              95.227,44","               5.037,06"
"12 - EDUCACAO","122 - ADMINISTRACAO GERAL","33903795 - SERVICOS DE VIGILANCIA","             179.267,67","                   0,00"
"12 - EDUCACAO","122 - ADMINISTRACAO GERAL","33903796 - SERVICOS DE LIMPEZA","              16.211,69","               1.437,96"
"12 - EDUCACAO","122 - ADMINISTRACAO GERAL","33903799 - OUTROS SERVICOS","             479.415,36","              68.032,32"
"12 - EDUCACAO","122 - ADMINISTRACAO GERAL","33903903 - CONDOMINIOS","              14.400,00","                   0,00"
"12 - EDUCACAO","122 - ADMINISTRACAO GERAL","33903912 - SERV.PROGRAMAS E APLICATIVOS DE INFORMATICA","             206.225,28","              46.386,61"
"12 - EDUCACAO","122 - ADMINISTRACAO GERAL","33903915 - LOC.DE MAQ. REPROGRAFICAS S/MAO DE OBRA","           1.180.088,83","             203.236,74"
"12 - EDUCACAO","122 - ADMINISTRACAO GERAL","33903919 - LOCACAO DE MAQUINAS E EQUIPAMENTOS DIVERSOS","             860.236,73","             123.157,83"
"12 - EDUCACAO","122 - ADMINISTRACAO GERAL","33903925 - SERVICOS DE CORREIOS","             799.981,40","              90.963,04"
"12 - EDUCACAO","122 - ADMINISTRACAO GERAL","33903926 - PUBLICIDADE LEGAL","              30.202,54","               2.636,24"
"12 - EDUCACAO","122 - ADMINISTRACAO GERAL","33903936 - DEDETIZACAO,DESINSETIZACAO E DESRATIZACAO","              40.641,31","               9.910,93"
"12 - EDUCACAO","122 - ADMINISTRACAO GERAL","33903941 - SERVICO DE LAVANDERIA","               3.114,00","                 365,00"
"12 - EDUCACAO","122 - ADMINISTRACAO GERAL","33903942 - SEGURO DE VIDA","              36.652,06","                   0,00"
"12 - EDUCACAO","122 - ADMINISTRACAO GERAL","33903943 - ASSIN.DE JORNAIS,PERIODICOS E CLIPAGEM","              42.614,79","                 760,80"
"12 - EDUCACAO","122 - ADMINISTRACAO GERAL","33903945 - OUTROS SEGUROS","             553.704,92","              30.661,42"
"12 - EDUCACAO","122 - ADMINISTRACAO GERAL","33903954 - CONGRESSOS,SEMINARIOS,SIMPOSIOS E CONGENERES","              36.843,65","                   0,00"
"12 - EDUCACAO","122 - ADMINISTRACAO GERAL","33903956 - ALIMEN.HOSPED.P/EVENTOS PROG.PELA INSTITUICA","               1.843,00","                   0,00"
"12 - EDUCACAO","122 - ADMINISTRACAO GERAL","33903957 - SERVICOS/APRESENTACOES ARTISTICAS E CULTURAI","               2.000,00","                   0,00"
"12 - EDUCACAO","122 - ADMINISTRACAO GERAL","33903958 - AUDIO,VIDEO,FOTO E PROJECAO","               2.038,33","                   0,00"
"12 - EDUCACAO","122 - ADMINISTRACAO GERAL","33903961 - CURSOS PARA SERVIDOR/FUNCIONARIO","             175.452,97","                   0,00"
"12 - EDUCACAO","122 - ADMINISTRACAO GERAL","33903973 - FORNEC.ALIMENTACAO PREPARADA-OUTROS","               9.453,00","                   0,00"
"12 - EDUCACAO","122 - ADMINISTRACAO GERAL","33903979 - CONSERVACAO E MANUTENCAO DE IMOVEIS","             380.875,90","                   0,00"
"12 - EDUCACAO","122 - ADMINISTRACAO GERAL","33903980 - CONSERV.MANUTENC.DE BENS MOVEIS E EQUIPAMENT","           2.410.044,37","             256.021,63"
"12 - EDUCACAO","122 - ADMINISTRACAO GERAL","33903982 - CONSERV.ESTRADAS E OUTROS BENS DE DOM.PUBLIC","           1.710.729,84","                   0,00"
"12 - EDUCACAO","122 - ADMINISTRACAO GERAL","33903983 - SERVICOS GRAFICOS","             785.312,75","              78.262,96"
"12 - EDUCACAO","122 - ADMINISTRACAO GERAL","33903991 - LOCACAO DE IMOVEIS","             991.900,00","               1.300,00"
"12 - EDUCACAO","122 - ADMINISTRACAO GERAL","33903992 - DESPESAS MIUDAS E DE PRONTO PAGAMENTO","             392.856,56","                   0,00"
"12 - EDUCACAO","122 - ADMINISTRACAO GERAL","33903999 - OUTROS SERVICOS DE TERCEIROS","          18.590.001,91","           1.197.279,45"
"12 - EDUCACAO","122 - ADMINISTRACAO GERAL","33904601 - AUXILIO - ALIMENTACAO","          98.766.359,80","                   0,00"
"12 - EDUCACAO","122 - ADMINISTRACAO GERAL","33904710 - CONTRIBUICOES P/FORMACAO DO PASEP/PIS","          18.827.115,75","           1.974.477,06"
"12 - EDUCACAO","122 - ADMINISTRACAO GERAL","33904713 - IPTU","              11.798,78","                 147,40"
"12 - EDUCACAO","122 - ADMINISTRACAO GERAL","33904720 - OUTRAS OBRIGACOES TRIBUTARIAS E CONTRIBUTIVA","              35.740,09","                   0,00"
"12 - EDUCACAO","122 - ADMINISTRACAO GERAL","33904801 - AUXILIOS A PESSOAS FISICAS","             522.882,58","                   0,00"
"12 - EDUCACAO","122 - ADMINISTRACAO GERAL","33905011 - ENERGIA ELETRICA","          13.002.372,22","           1.451.981,38"
"12 - EDUCACAO","122 - ADMINISTRACAO GERAL","33905012 - TELEFONIA FIXA","           1.407.793,79","              47.806,56"
"12 - EDUCACAO","122 - ADMINISTRACAO GERAL","33905013 - AGUA E ESGOTOS","          22.875.654,22","           1.887.202,56"
"12 - EDUCACAO","122 - ADMINISTRACAO GERAL","33905017 - TELEFONIA MOVEL CELULAR","             460.704,38","              23.848,90"
"12 - EDUCACAO","122 - ADMINISTRACAO GERAL","33909102 - DESPESAS DECORRENTES DE ACOES JUDICIAIS","                   0,00","                 710,32"
"12 - EDUCACAO","122 - ADMINISTRACAO GERAL","33909216 - ENERGIA ELETRICA","              76.257,16","                   0,00"
"12 - EDUCACAO","122 - ADMINISTRACAO GERAL","33909217 - TELEFONE,TELEX,OUTRAS","              39.705,21","                   0,00"
"12 - EDUCACAO","122 - ADMINISTRACAO GERAL","33909220 - OUTRAS DESPESAS DE EXERCICIOS ANTERIORES","             561.727,35","                   0,00"
"12 - EDUCACAO","122 - ADMINISTRACAO GERAL","33909222 - IMPOSTOS EM ATRASO","             551.641,86","                   0,00"
"12 - EDUCACAO","122 - ADMINISTRACAO GERAL","33909301 - INDENIZACOES E RESTITUICOES DIVERSAS","             187.100,09","                   0,00"
"12 - EDUCACAO","122 - ADMINISTRACAO GERAL","33909311 - INDENIZ.ADMINIST.REPARACAO DE DANOS","               2.962,75","                   0,00"
"12 - EDUCACAO","122 - ADMINISTRACAO GERAL","33909315 - AJUDA DE CUSTO-PESSOAL CIVIL","               2.009,67","                   0,00"
"12 - EDUCACAO","122 - ADMINISTRACAO GERAL","33909601 - RESSARCIM.DE DESPESA-PESSOAL REQUISITADO","             190.712,93","               8.453,54"
"12 - EDUCACAO","122 - ADMINISTRACAO GERAL","33913996 - TAXA DE ADMINISTRACAO A SAO PAULO PREV-SPPRE","           1.775.689,74","             142.735,03"
"12 - EDUCACAO","122 - ADMINISTRACAO GERAL","44903999 - OUTROS SERVICOS DE TERCEIROS","               8.840,95","                   0,00"
"12 - EDUCACAO","122 - ADMINISTRACAO GERAL","44905220 - EQUIPAMENTOS PARA INFORMATICA","              39.254,48","                   0,00"
"12 - EDUCACAO","122 - ADMINISTRACAO GERAL","44905232 - MOBILIARIO EM GERAL","             299.608,58","              30.201,27"
"12 - EDUCACAO","122 - ADMINISTRACAO GERAL","44905233 - MATERIAL EDUCATIVO,CULTURAL E RECREATIVO","               5.640,03","                 205,80"
"12 - EDUCACAO","122 - ADMINISTRACAO GERAL","44905234 - OUTROS EQUIPAMENTOS E MATERIAL PERMANENTE","           1.398.610,90","              37.828,07"
"12 - EDUCACAO","126 - TECNOLOGIA DA INFORMACAO","31900701 - CONTRIBUICAO PATRONAL","                   0,00","                  79,62"
"12 - EDUCACAO","126 - TECNOLOGIA DA INFORMACAO","31901112 - PESSOAL CIVIL PAGO PELA UNIDADE","          12.944.522,37","             829.837,64"
"12 - EDUCACAO","126 - TECNOLOGIA DA INFORMACAO","31901129 - PESSOAL CIVIL PAGO PELA UNIDADE-13 SALARIO","           1.077.134,47","              52.593,20"
"12 - EDUCACAO","126 - TECNOLOGIA DA INFORMACAO","31901131 - PESSOAL CIVIL PAGO PELA UNIDADE-1/3 FERIAS","             186.955,78","              37.428,49"
"12 - EDUCACAO","126 - TECNOLOGIA DA INFORMACAO","31901136 - ABONO DE PERMANENCIA","             123.483,09","               1.000,00"
"12 - EDUCACAO","126 - TECNOLOGIA DA INFORMACAO","31901313 - FUNDO DE GARANTIA POR TEMPO DE SERVICO","             412.409,37","              45.908,79"
"12 - EDUCACAO","126 - TECNOLOGIA DA INFORMACAO","31901321 - FGTS-13 SALARIO","              16.150,45","                 461,66"
"12 - EDUCACAO","126 - TECNOLOGIA DA INFORMACAO","31901323 - PREVIDENCIA SOCIAL/PESSOAL CLT","           1.181.633,86","             123.860,41"
"12 - EDUCACAO","126 - TECNOLOGIA DA INFORMACAO","31911301 - CONTRIB PATRONAL-SAO PAULO PREVIDENCIA-SPPRE","                   0,00","             785.128,00"
"12 - EDUCACAO","126 - TECNOLOGIA DA INFORMACAO","33901401 - DIARIAS PESSOAL CIVIL","                 977,00","                   0,00"
"12 - EDUCACAO","126 - TECNOLOGIA DA INFORMACAO","33901416 - DIARIAS NO EXTERIOR","               5.936,00","                   0,00"
"12 - EDUCACAO","126 - TECNOLOGIA DA INFORMACAO","33903013 - MATERIAL E UTENS.P/REFEITORIO,COPA E COZINHA","                 910,00","                   0,00"
"12 - EDUCACAO","126 - TECNOLOGIA DA INFORMACAO","33903015 - ARTIGOS DE HIGIENE PESSOAL","                 216,00","                   0,00"
"12 - EDUCACAO","126 - TECNOLOGIA DA INFORMACAO","33903042 - MATERIAL PARA FOTOGRAFIA E FILMAGEM","                 336,00","                   0,00"
"12 - EDUCACAO","126 - TECNOLOGIA DA INFORMACAO","33903050 - PECAS DE REPOSICAO E ACESSORIOS","               9.087,52","                   0,00"
"12 - EDUCACAO","126 - TECNOLOGIA DA INFORMACAO","33903051 - FERRAM.AVULSAS NAO ACION.P/FORCA MOTRIZ","               6.543,03","                   0,00"
"12 - EDUCACAO","126 - TECNOLOGIA DA INFORMACAO","33903054 - MATERIAL INSTALACAO ELETRICA E ELETRONICA","               9.247,61","                   0,00"
"12 - EDUCACAO","126 - TECNOLOGIA DA INFORMACAO","33903055 - MATERIAL PARA TELECOMUNICACOES","               3.259,80","                   0,00"
"12 - EDUCACAO","126 - TECNOLOGIA DA INFORMACAO","33903060 - SUPRIMENTO DE INFORMATICA","              63.849,28","                 502,93"
"12 - EDUCACAO","126 - TECNOLOGIA DA INFORMACAO","33903061 - PECAS E ACESSOR.E COMPONENTES DE INFORMATICA","              36.350,86","                 848,94"
"12 - EDUCACAO","126 - TECNOLOGIA DA INFORMACAO","33903090 - OUTROS MATERIAIS DE CONSUMO","              86.053,57","               1.624,30"
"12 - EDUCACAO","126 - TECNOLOGIA DA INFORMACAO","33903344 - VALE-TRANSPORTE","              11.788,80","                 564,00"
"12 - EDUCACAO","126 - TECNOLOGIA DA INFORMACAO","33903509 - CONSULTORIA TECNO.DA IMFORM.PESSOA JURIDICA","              13.250,00","                   0,00"
"12 - EDUCACAO","126 - TECNOLOGIA DA INFORMACAO","33903612 - ENCARGOS SOCIAIS E OBRIGACOES FISCAIS","                 300,00","                   0,00"
"12 - EDUCACAO","126 - TECNOLOGIA DA INFORMACAO","33903613 - ESTAGIARIOS DIRETAMENTE CONTRATADOS","              83.375,82","               6.314,98"
"12 - EDUCACAO","126 - TECNOLOGIA DA INFORMACAO","33903625 - CURSOS, PALESTRAS","               1.500,00","                   0,00"
"12 - EDUCACAO","126 - TECNOLOGIA DA INFORMACAO","33903912 - SERV.PROGRAMAS E APLICATIVOS DE INFORMATICA","           2.372.092,68","             206.122,13"
"12 - EDUCACAO","126 - TECNOLOGIA DA INFORMACAO","33903915 - LOC.DE MAQ. REPROGRAFICAS S/MAO DE OBRA","              77.356,40","              11.990,05"
"12 - EDUCACAO","126 - TECNOLOGIA DA INFORMACAO","33903919 - LOCACAO DE MAQUINAS E EQUIPAMENTOS DIVERSOS","             344.232,83","               6.665,84"
"12 - EDUCACAO","126 - TECNOLOGIA DA INFORMACAO","33903920 - INSTAL.MANUT.DE EQUIP.DE INFORMATICA","             226.238,97","              27.262,53"
"12 - EDUCACAO","126 - TECNOLOGIA DA INFORMACAO","33903936 - DEDETIZACAO,DESINSETIZACAO E DESRATIZACAO","               2.050,00","                 770,00"
"12 - EDUCACAO","126 - TECNOLOGIA DA INFORMACAO","33903943 - ASSIN.DE JORNAIS,PERIODICOS E CLIPAGEM","                 594,00","                   0,00"
"12 - EDUCACAO","126 - TECNOLOGIA DA INFORMACAO","33903945 - OUTROS SEGUROS","                 316,39","                   0,00"
"12 - EDUCACAO","126 - TECNOLOGIA DA INFORMACAO","33903954 - CONGRESSOS,SEMINARIOS,SIMPOSIOS E CONGENERES","               2.000,00","                   0,00"
"12 - EDUCACAO","126 - TECNOLOGIA DA INFORMACAO","33903961 - CURSOS PARA SERVIDOR/FUNCIONARIO","              11.630,00","                   0,00"
"12 - EDUCACAO","126 - TECNOLOGIA DA INFORMACAO","33903979 - CONSERVACAO E MANUTENCAO DE IMOVEIS","               2.179,20","                   0,00"
"12 - EDUCACAO","126 - TECNOLOGIA DA INFORMACAO","33903980 - CONSERV.MANUTENC.DE BENS MOVEIS E EQUIPAMENT","             634.341,04","              59.320,64"
"12 - EDUCACAO","126 - TECNOLOGIA DA INFORMACAO","33903992 - DESPESAS MIUDAS E DE PRONTO PAGAMENTO","              37.685,37","                   0,00"
"12 - EDUCACAO","126 - TECNOLOGIA DA INFORMACAO","33903999 - OUTROS SERVICOS DE TERCEIROS","                 509,38","                   0,00"
"12 - EDUCACAO","126 - TECNOLOGIA DA INFORMACAO","33905012 - TELEFONIA FIXA","             249.754,59","              85.600,08"
"12 - EDUCACAO","126 - TECNOLOGIA DA INFORMACAO","33909220 - OUTRAS DESPESAS DE EXERCICIOS ANTERIORES","              11.145,34","                   0,00"
"12 - EDUCACAO","126 - TECNOLOGIA DA INFORMACAO","44905220 - EQUIPAMENTOS PARA INFORMATICA","             386.014,35","             355.169,84"
"12 - EDUCACAO","126 - TECNOLOGIA DA INFORMACAO","44905231 - MAQUINAS E MOTORES","               2.080,00","                   0,00"
"12 - EDUCACAO","126 - TECNOLOGIA DA INFORMACAO","44905232 - MOBILIARIO EM GERAL","              92.941,46","                   0,00"
"12 - EDUCACAO","126 - TECNOLOGIA DA INFORMACAO","44905234 - OUTROS EQUIPAMENTOS E MATERIAL PERMANENTE","               7.794,85","                   0,00"
"12 - EDUCACAO","126 - TECNOLOGIA DA INFORMACAO","44905235 - EQUIP.E MOBIL.MED.-HOSPITALAR,ODONTOLOGICO","               5.199,00","                   0,00"
"12 - EDUCACAO","126 - TECNOLOGIA DA INFORMACAO","44909201 - OUTRAS DESPESAS DE EXERCICIOS ANTERIORES","              17.620,00","                   0,00"
"12 - EDUCACAO","363 - ENSINO PROFISSIONAL","31901112 - PESSOAL CIVIL PAGO PELA UNIDADE","          25.888.614,19","           1.425.610,43"
"12 - EDUCACAO","363 - ENSINO PROFISSIONAL","31901129 - PESSOAL CIVIL PAGO PELA UNIDADE-13 SALARIO","           2.300.033,55","               9.404,73"
"12 - EDUCACAO","363 - ENSINO PROFISSIONAL","31901131 - PESSOAL CIVIL PAGO PELA UNIDADE-1/3 FERIAS","             182.769,66","              43.029,83"
"12 - EDUCACAO","363 - ENSINO PROFISSIONAL","31901136 - ABONO DE PERMANENCIA","             569.930,14","              49.422,54"
"12 - EDUCACAO","363 - ENSINO PROFISSIONAL","31901313 - FUNDO DE GARANTIA POR TEMPO DE SERVICO","             133.852,41","              12.376,78"
"12 - EDUCACAO","363 - ENSINO PROFISSIONAL","31901321 - FGTS-13 SALARIO","               6.414,50","                   0,00"
"12 - EDUCACAO","363 - ENSINO PROFISSIONAL","31901323 - PREVIDENCIA SOCIAL/PESSOAL CLT","             475.472,62","              35.000,13"
"12 - EDUCACAO","363 - ENSINO PROFISSIONAL","31911301 - CONTRIB PATRONAL-SAO PAULO PREVIDENCIA-SPPRE","                   0,00","           5.505.677,78"
"12 - EDUCACAO","363 - ENSINO PROFISSIONAL","33901801 - AUXILIO FINANCEIRO A ESTUDANTES","             523.288,14","              26.244,05"
"12 - EDUCACAO","363 - ENSINO PROFISSIONAL","33903031 - MATERIAL MEDICO,HOSPITALAR E ODONTOLOGICO","               4.843,23","                   0,00"
"12 - EDUCACAO","363 - ENSINO PROFISSIONAL","33903040 - MATERIAL EDUCATIVO E CULTURAL","               6.174,20","                   0,00"
"12 - EDUCACAO","363 - ENSINO PROFISSIONAL","33903050 - PECAS DE REPOSICAO E ACESSORIOS","               2.600,00","                   0,00"
"12 - EDUCACAO","363 - ENSINO PROFISSIONAL","33903054 - MATERIAL INSTALACAO ELETRICA E ELETRONICA","               8.158,00","                   0,00"
"12 - EDUCACAO","363 - ENSINO PROFISSIONAL","33903060 - SUPRIMENTO DE INFORMATICA","                 300,00","                   0,00"
"12 - EDUCACAO","363 - ENSINO PROFISSIONAL","33903061 - PECAS E ACESSOR.E COMPONENTES DE INFORMATICA","              16.466,25","                   0,00"
"12 - EDUCACAO","363 - ENSINO PROFISSIONAL","33903090 - OUTROS MATERIAIS DE CONSUMO","              19.712,49","                   0,00"
"12 - EDUCACAO","363 - ENSINO PROFISSIONAL","33903343 - LOCACAO DE VEICULOS,AERONAVES E OUTROS","              30.880,88","                   0,00"
"12 - EDUCACAO","363 - ENSINO PROFISSIONAL","33903344 - VALE-TRANSPORTE","              16.139,22","               2.601,32"
"12 - EDUCACAO","363 - ENSINO PROFISSIONAL","33903345 - OUTRAS DESP.C/TRANSPORTES E LOCOMOCAO","               6.149,38","                   0,00"
"12 - EDUCACAO","363 - ENSINO PROFISSIONAL","33903613 - ESTAGIARIOS DIRETAMENTE CONTRATADOS","              19.478,51","               2.869,55"
"12 - EDUCACAO","363 - ENSINO PROFISSIONAL","33903616 - AJUDA DE CUSTO A COLABORADORES EVENTUAIS","              22.800,00","                   0,00"
"12 - EDUCACAO","363 - ENSINO PROFISSIONAL","33903796 - SERVICOS DE LIMPEZA","                   0,00","               1.900,00"
"12 - EDUCACAO","363 - ENSINO PROFISSIONAL","33903912 - SERV.PROGRAMAS E APLICATIVOS DE INFORMATICA","              13.022,00","               1.079,80"
"12 - EDUCACAO","363 - ENSINO PROFISSIONAL","33903919 - LOCACAO DE MAQUINAS E EQUIPAMENTOS DIVERSOS","                   0,00","               2.585,15"
"12 - EDUCACAO","363 - ENSINO PROFISSIONAL","33903936 - DEDETIZACAO,DESINSETIZACAO E DESRATIZACAO","               2.080,54","               3.238,33"
"12 - EDUCACAO","363 - ENSINO PROFISSIONAL","33903954 - CONGRESSOS,SEMINARIOS,SIMPOSIOS E CONGENERES","                 936,70","                   0,00"
"12 - EDUCACAO","363 - ENSINO PROFISSIONAL","33903962 - CURSOS P/ NAO SERVIDOR INCLU.QUALIF.PROFISSI","               4.499,00","                   0,00"
"12 - EDUCACAO","363 - ENSINO PROFISSIONAL","33903971 - FORNEC.ALIMENTACAO PREPARADA-FUNCIONARIOS","                   0,00","             316.559,82"
"12 - EDUCACAO","363 - ENSINO PROFISSIONAL","33903973 - FORNEC.ALIMENTACAO PREPARADA-OUTROS","             373.859,30","                   0,00"
"12 - EDUCACAO","363 - ENSINO PROFISSIONAL","33903979 - CONSERVACAO E MANUTENCAO DE IMOVEIS","               2.400,00","                   0,00"
"12 - EDUCACAO","363 - ENSINO PROFISSIONAL","33903980 - CONSERV.MANUTENC.DE BENS MOVEIS E EQUIPAMENT","              13.530,76","                   0,00"
"12 - EDUCACAO","363 - ENSINO PROFISSIONAL","33903983 - SERVICOS GRAFICOS","               2.560,00","                   0,00"
"12 - EDUCACAO","363 - ENSINO PROFISSIONAL","33903991 - LOCACAO DE IMOVEIS","              24.000,00","                   0,00"
"12 - EDUCACAO","363 - ENSINO PROFISSIONAL","33903992 - DESPESAS MIUDAS E DE PRONTO PAGAMENTO","             102.318,62","                   0,00"
"12 - EDUCACAO","363 - ENSINO PROFISSIONAL","33903999 - OUTROS SERVICOS DE TERCEIROS","               4.530,00","               3.480,00"
"12 - EDUCACAO","363 - ENSINO PROFISSIONAL","33904720 - OUTRAS OBRIGACOES TRIBUTARIAS E CONTRIBUTIVA","              15.604,65","                   0,00"
"12 - EDUCACAO","363 - ENSINO PROFISSIONAL","33905011 - ENERGIA ELETRICA","             402.625,77","              23.130,20"
"12 - EDUCACAO","363 - ENSINO PROFISSIONAL","33905013 - AGUA E ESGOTOS","             235.228,44","               9.091,90"
"12 - EDUCACAO","363 - ENSINO PROFISSIONAL","33909216 - ENERGIA ELETRICA","              13.842,46","                   0,00"
"12 - EDUCACAO","363 - ENSINO PROFISSIONAL","33909301 - INDENIZACOES E RESTITUICOES DIVERSAS","               4.879,57","                   0,00"
"12 - EDUCACAO","363 - ENSINO PROFISSIONAL","44905220 - EQUIPAMENTOS PARA INFORMATICA","              12.801,52","               4.955,00"
"12 - EDUCACAO","363 - ENSINO PROFISSIONAL","44905234 - OUTROS EQUIPAMENTOS E MATERIAL PERMANENTE","              36.241,49","               6.400,00"
"12 - EDUCACAO","363 - ENSINO PROFISSIONAL","44905235 - EQUIP.E MOBIL.MED.-HOSPITALAR,ODONTOLOGICO","                 460,00","               3.150,00"
"12 - EDUCACAO","364 - ENSINO SUPERIOR","31900701 - CONTRIBUICAO PATRONAL","                   0,00","              37.759,24"
"12 - EDUCACAO","364 - ENSINO SUPERIOR","31901112 - PESSOAL CIVIL PAGO PELA UNIDADE","         618.339.750,74","          34.048.860,34"
"12 - EDUCACAO","364 - ENSINO SUPERIOR","31901129 - PESSOAL CIVIL PAGO PELA UNIDADE-13 SALARIO","          53.270.053,41","             418.117,33"
"12 - EDUCACAO","364 - ENSINO SUPERIOR","31901131 - PESSOAL CIVIL PAGO PELA UNIDADE-1/3 FERIAS","           6.877.871,16","           2.218.055,17"
"12 - EDUCACAO","364 - ENSINO SUPERIOR","31901136 - ABONO DE PERMANENCIA","          15.633.209,40","           1.291.623,05"
"12 - EDUCACAO","364 - ENSINO SUPERIOR","31901312 - OUTRAS CONTRIBUICOES DE PREV.SOCIAL","             540.982,89","                   0,00"
"12 - EDUCACAO","364 - ENSINO SUPERIOR","31901313 - FUNDO DE GARANTIA POR TEMPO DE SERVICO","          12.034.041,00","             885.352,23"
"12 - EDUCACAO","364 - ENSINO SUPERIOR","31901321 - FGTS-13 SALARIO","             699.924,34","               3.864,62"
"12 - EDUCACAO","364 - ENSINO SUPERIOR","31901323 - PREVIDENCIA SOCIAL/PESSOAL CLT","          40.780.570,04","           3.881.742,23"
"12 - EDUCACAO","364 - ENSINO SUPERIOR","31901327 - ENC.PATRO.POR DEMISSAO DE SERVIDOR/EMPREGADO","             101.318,31","                   0,00"
"12 - EDUCACAO","364 - ENSINO SUPERIOR","31909412 - INDENIZ.POR DEMISSAO DE SERVID.OU EMPREG.","           1.070.000,00","                   0,00"
"12 - EDUCACAO","364 - ENSINO SUPERIOR","31911301 - CONTRIB PATRONAL-SAO PAULO PREVIDENCIA-SPPRE","                   0,00","          92.722.384,78"
"12 - EDUCACAO","364 - ENSINO SUPERIOR","33900842 - AUXILIO FUNERAL - PODER EXECUTIVO","              19.262,82","                   0,00"
"12 - EDUCACAO","364 - ENSINO SUPERIOR","33901401 - DIARIAS PESSOAL CIVIL","             512.118,85","             240.700,00"
"12 - EDUCACAO","364 - ENSINO SUPERIOR","33901416 - DIARIAS NO EXTERIOR","             867.274,68","                   0,00"
"12 - EDUCACAO","364 - ENSINO SUPERIOR","33901801 - AUXILIO FINANCEIRO A ESTUDANTES","          25.141.964,48","           1.840.836,76"
"12 - EDUCACAO","364 - ENSINO SUPERIOR","33902001 - AUXILIO FINANCEIRO A PESQUISADORES","             503.577,01","               3.500,00"
"12 - EDUCACAO","364 - ENSINO SUPERIOR","33903010 - GENEROS ALIMENTICIOS","          10.969.058,96","             929.197,28"
"12 - EDUCACAO","364 - ENSINO SUPERIOR","33903013 - MATERIAL E UTENS.P/REFEITORIO,COPA E COZINHA","                 886,90","                   0,00"
"12 - EDUCACAO","364 - ENSINO SUPERIOR","33903014 - MATERIAL DE LIMPEZA","                 374,40","                   0,00"
"12 - EDUCACAO","364 - ENSINO SUPERIOR","33903016 - MATERIAL DE ACONDICIONAMENTO E EMBALAGEM","              23.374,87","                   0,00"
"12 - EDUCACAO","364 - ENSINO SUPERIOR","33903021 - GASOLINA AUTOMOTIVA","              46.080,00","               1.610,00"
"12 - EDUCACAO","364 - ENSINO SUPERIOR","33903022 - DIESEL AUTOMOTIVO","               9.180,00","                 700,00"
"12 - EDUCACAO","364 - ENSINO SUPERIOR","33903023 - ETANOL AUTOMOTIVO","              53.250,00","               6.780,00"
"12 - EDUCACAO","364 - ENSINO SUPERIOR","33903024 - OUTROS COMBUSTIVEIS E LUBRIFICANTES","              29.756,28","               9.078,30"
"12 - EDUCACAO","364 - ENSINO SUPERIOR","33903026 - CESTAS BASICAS","             197.584,00","              24.548,00"
"12 - EDUCACAO","364 - ENSINO SUPERIOR","33903030 - MEDICAMENTOS E INSUMOS FARMACEUTICOS","           3.198.775,43","             476.149,32"
"12 - EDUCACAO","364 - ENSINO SUPERIOR","33903031 - MATERIAL MEDICO,HOSPITALAR E ODONTOLOGICO","           9.642.947,23","             829.597,64"
"12 - EDUCACAO","364 - ENSINO SUPERIOR","33903032 - MATERIAL DE USO LABORATORIAL","             342.699,50","                   0,00"
"12 - EDUCACAO","364 - ENSINO SUPERIOR","33903039 - MATERIAL ESPORTIVO E DE LAZER","              30.159,20","                   0,00"
"12 - EDUCACAO","364 - ENSINO SUPERIOR","33903040 - MATERIAL EDUCATIVO E CULTURAL","             635.096,94","             293.758,26"
"12 - EDUCACAO","364 - ENSINO SUPERIOR","33903041 - MATERIAL DE ESCRITORIO PAPELARIA E IMPRESSOS","           1.194.192,46","             101.591,41"
"12 - EDUCACAO","364 - ENSINO SUPERIOR","33903043 - LIVROS P/BIBLIO.PUBLI,MAPAS,OUTRAS PUBLICACA","             520.278,14","                   0,00"
"12 - EDUCACAO","364 - ENSINO SUPERIOR","33903044 - BANDEIRAS, FLAMULAS, INSIGNIAS","                 735,00","                   0,00"
"12 - EDUCACAO","364 - ENSINO SUPERIOR","33903050 - PECAS DE REPOSICAO E ACESSORIOS","             458.582,10","               9.440,24"
"12 - EDUCACAO","364 - ENSINO SUPERIOR","33903051 - FERRAM.AVULSAS NAO ACION.P/FORCA MOTRIZ","              34.341,86","                   0,00"
"12 - EDUCACAO","364 - ENSINO SUPERIOR","33903052 - MATERIAL P/ CONSERVACAO E MANUT. DE IMOVEIS","             342.115,77","              46.743,02"
"12 - EDUCACAO","364 - ENSINO SUPERIOR","33903054 - MATERIAL INSTALACAO ELETRICA E ELETRONICA","              58.926,70","                   0,00"
"12 - EDUCACAO","364 - ENSINO SUPERIOR","33903055 - MATERIAL PARA TELECOMUNICACOES","               4.524,40","                   0,00"
"12 - EDUCACAO","364 - ENSINO SUPERIOR","33903060 - SUPRIMENTO DE INFORMATICA","             318.250,86","              47.725,19"
"12 - EDUCACAO","364 - ENSINO SUPERIOR","33903061 - PECAS E ACESSOR.E COMPONENTES DE INFORMATICA","             204.560,47","               9.760,34"
"12 - EDUCACAO","364 - ENSINO SUPERIOR","33903063 - FARDAMENTO,VESTUARIO,UNIFOR,TECIDO, AVIAMENT","              25.841,20","                   0,00"
"12 - EDUCACAO","364 - ENSINO SUPERIOR","33903081 - ALIMENTOS PARA ANIMAIS","              54.918,00","                   0,00"
"12 - EDUCACAO","364 - ENSINO SUPERIOR","33903090 - OUTROS MATERIAIS DE CONSUMO","           7.077.703,34","             921.363,06"
"12 - EDUCACAO","364 - ENSINO SUPERIOR","33903101 - PREMIO EM PECUNIA","              98.000,00","                   0,00"
"12 - EDUCACAO","364 - ENSINO SUPERIOR","33903102 - OUTRAS PREMIACOES","                 150,00","                   0,00"
"12 - EDUCACAO","364 - ENSINO SUPERIOR","33903295 - MATERIAL OU BEM PARA DISTRIBUICAO GRATUITA","                 620,00","                   0,00"
"12 - EDUCACAO","364 - ENSINO SUPERIOR","33903342 - PASSAGENS AEREAS","           3.331.473,46","             360.676,02"
"12 - EDUCACAO","364 - ENSINO SUPERIOR","33903343 - LOCACAO DE VEICULOS,AERONAVES E OUTROS","             528.962,57","               6.737,18"
"12 - EDUCACAO","364 - ENSINO SUPERIOR","33903344 - VALE-TRANSPORTE","           2.022.405,91","             173.317,30"
"12 - EDUCACAO","364 - ENSINO SUPERIOR","33903345 - OUTRAS DESP.C/TRANSPORTES E LOCOMOCAO","             105.011,20","                 315,25"
"12 - EDUCACAO","364 - ENSINO SUPERIOR","33903346 - TRANSPORTE PARA LOCOMOCAO DE SERVIDORES","                 400,00","                   0,00"
"12 - EDUCACAO","364 - ENSINO SUPERIOR","33903501 - OUTROS SERV.CONSULTORIA,ASSESS.E AUDITORIA","              60.195,00","               1.940,00"
"12 - EDUCACAO","364 - ENSINO SUPERIOR","33903512 - ENCARG.SOCIAIS E OBRIG.FISCAIS AUDIT/CONS.","               5.445,00","                 320,00"
"12 - EDUCACAO","364 - ENSINO SUPERIOR","33903604 - MAO DE OBRA DE REEDUCANDOS","              18.785,00","               1.995,00"
"12 - EDUCACAO","364 - ENSINO SUPERIOR","33903611 - OUTRAS REMUNERACOES DE SERVICOS PESSOAIS","           2.821.870,86","              30.413,01"
"12 - EDUCACAO","364 - ENSINO SUPERIOR","33903612 - ENCARGOS SOCIAIS E OBRIGACOES FISCAIS","             159.795,45","              27.644,59"
"12 - EDUCACAO","364 - ENSINO SUPERIOR","33903613 - ESTAGIARIOS DIRETAMENTE CONTRATADOS","           1.687.906,63","             148.756,56"
"12 - EDUCACAO","364 - ENSINO SUPERIOR","33903614 - MONITORES, FISCAIS E EXAMINADORES","              85.943,54","              11.607,00"
"12 - EDUCACAO","364 - ENSINO SUPERIOR","33903616 - AJUDA DE CUSTO A COLABORADORES EVENTUAIS","           1.382.755,88","               7.303,00"
"12 - EDUCACAO","364 - ENSINO SUPERIOR","33903624 - BOLSA PARA MEDICOS RESIDENTES","           4.060.338,17","                   0,00"
"12 - EDUCACAO","364 - ENSINO SUPERIOR","33903626 - SERVICOS TECNICOS E ESPECIALIZADOS","             128.341,55","                   0,00"
"12 - EDUCACAO","364 - ENSINO SUPERIOR","33903795 - SERVICOS DE VIGILANCIA","          16.660.049,15","           1.287.933,10"
"12 - EDUCACAO","364 - ENSINO SUPERIOR","33903796 - SERVICOS DE LIMPEZA","          15.970.063,35","           3.085.988,24"
"12 - EDUCACAO","364 - ENSINO SUPERIOR","33903799 - OUTROS SERVICOS","              32.529,91","               5.192,33"
"12 - EDUCACAO","364 - ENSINO SUPERIOR","33903906 - VALE-REFEICAO/ALIMENT. A SERV/EMPREGADOS","           4.139.194,00","             340.210,00"
"12 - EDUCACAO","364 - ENSINO SUPERIOR","33903912 - SERV.PROGRAMAS E APLICATIVOS DE INFORMATICA","             648.887,30","             125.373,24"
"12 - EDUCACAO","364 - ENSINO SUPERIOR","33903914 - EXAMES LABORATORIAIS","           2.954.185,02","             189.635,00"
"12 - EDUCACAO","364 - ENSINO SUPERIOR","33903915 - LOC.DE MAQ. REPROGRAFICAS S/MAO DE OBRA","             108.457,61","              17.277,20"
"12 - EDUCACAO","364 - ENSINO SUPERIOR","33903916 - GAS MEDICINAL (SERV.DE FORNEC. E LOCACAO)","             305.987,00","              31.032,00"
"12 - EDUCACAO","364 - ENSINO SUPERIOR","33903919 - LOCACAO DE MAQUINAS E EQUIPAMENTOS DIVERSOS","             520.423,00","              52.612,00"
"12 - EDUCACAO","364 - ENSINO SUPERIOR","33903920 - INSTAL.MANUT.DE EQUIP.DE INFORMATICA","              51.911,19","              13.890,71"
"12 - EDUCACAO","364 - ENSINO SUPERIOR","33903921 - SERVICOS DE COMUNICACAO DE DADOS","             323.645,52","               8.904,00"
"12 - EDUCACAO","364 - ENSINO SUPERIOR","33903925 - SERVICOS DE CORREIOS","              15.136,00","               1.842,00"
"12 - EDUCACAO","364 - ENSINO SUPERIOR","33903931 - SERVICOS DE APOIO AO ENSINO","               6.468,00","                   0,00"
"12 - EDUCACAO","364 - ENSINO SUPERIOR","33903936 - DEDETIZACAO,DESINSETIZACAO E DESRATIZACAO","              91.744,46","               5.960,27"
"12 - EDUCACAO","364 - ENSINO SUPERIOR","33903940 - FRETES E TRANSPORTES","             227.814,30","                   0,00"
"12 - EDUCACAO","364 - ENSINO SUPERIOR","33903941 - SERVICO DE LAVANDERIA","             148.746,50","              19.300,00"
"12 - EDUCACAO","364 - ENSINO SUPERIOR","33903942 - SEGURO DE VIDA","               6.012,23","                   0,00"
"12 - EDUCACAO","364 - ENSINO SUPERIOR","33903943 - ASSIN.DE JORNAIS,PERIODICOS E CLIPAGEM","           6.492.985,90","              25.625,75"
"12 - EDUCACAO","364 - ENSINO SUPERIOR","33903945 - OUTROS SEGUROS","              44.173,70","              18.649,48"
"12 - EDUCACAO","364 - ENSINO SUPERIOR","33903946 - SERVICOS MEDICOS,HOSPITALARES E ODONTOLOGICO","               7.700,00","                   0,00"
"12 - EDUCACAO","364 - ENSINO SUPERIOR","33903954 - CONGRESSOS,SEMINARIOS,SIMPOSIOS E CONGENERES","              23.934,93","                   0,00"
"12 - EDUCACAO","364 - ENSINO SUPERIOR","33903955 - INSCRICOES EM EVENTOS DIVERSOS","              24.872,50","                   0,00"
"12 - EDUCACAO","364 - ENSINO SUPERIOR","33903956 - ALIMEN.HOSPED.P/EVENTOS PROG.PELA INSTITUICA","              77.188,92","                   0,00"
"12 - EDUCACAO","364 - ENSINO SUPERIOR","33903958 - AUDIO,VIDEO,FOTO E PROJECAO","             119.270,00","                   0,00"
"12 - EDUCACAO","364 - ENSINO SUPERIOR","33903961 - CURSOS PARA SERVIDOR/FUNCIONARIO","              27.649,55","                   0,00"
"12 - EDUCACAO","364 - ENSINO SUPERIOR","33903962 - CURSOS P/ NAO SERVIDOR INCLU.QUALIF.PROFISSI","               1.920,00","                   0,00"
"12 - EDUCACAO","364 - ENSINO SUPERIOR","33903963 - INSTAL.REPAR.MANUTENCAO DE DIVISORIAS/PORTAS","              29.495,00","                   0,00"
"12 - EDUCACAO","364 - ENSINO SUPERIOR","33903973 - FORNEC.ALIMENTACAO PREPARADA-OUTROS","               7.629,70","                   0,00"
"12 - EDUCACAO","364 - ENSINO SUPERIOR","33903979 - CONSERVACAO E MANUTENCAO DE IMOVEIS","           1.019.062,36","                   0,00"
"12 - EDUCACAO","364 - ENSINO SUPERIOR","33903980 - CONSERV.MANUTENC.DE BENS MOVEIS E EQUIPAMENT","           3.150.458,80","             554.261,58"
"12 - EDUCACAO","364 - ENSINO SUPERIOR","33903981 - REFORMAS DE IMOVEIS","           6.467.345,80","             785.224,36"
"12 - EDUCACAO","364 - ENSINO SUPERIOR","33903983 - SERVICOS GRAFICOS","              92.959,35","              25.257,29"
"12 - EDUCACAO","364 - ENSINO SUPERIOR","33903992 - DESPESAS MIUDAS E DE PRONTO PAGAMENTO","           1.204.034,54","                   0,00"
"12 - EDUCACAO","364 - ENSINO SUPERIOR","33903999 - OUTROS SERVICOS DE TERCEIROS","          24.388.640,80","           1.770.157,74"
"12 - EDUCACAO","364 - ENSINO SUPERIOR","33904710 - CONTRIBUICOES P/FORMACAO DO PASEP/PIS","             492.520,00","              42.815,00"
"12 - EDUCACAO","364 - ENSINO SUPERIOR","33904720 - OUTRAS OBRIGACOES TRIBUTARIAS E CONTRIBUTIVA","              22.729,63","                   0,00"
"12 - EDUCACAO","364 - ENSINO SUPERIOR","33904801 - AUXILIOS A PESSOAS FISICAS","             577.662,37","                   0,00"
"12 - EDUCACAO","364 - ENSINO SUPERIOR","33905011 - ENERGIA ELETRICA","           2.920.195,78","             267.957,70"
"12 - EDUCACAO","364 - ENSINO SUPERIOR","33905012 - TELEFONIA FIXA","             395.218,03","              29.960,00"
"12 - EDUCACAO","364 - ENSINO SUPERIOR","33905013 - AGUA E ESGOTOS","             882.506,73","             140.704,99"
"12 - EDUCACAO","364 - ENSINO SUPERIOR","33905015 - OUTROS SERVICOS DE UTILIDADE PUBLICA","               5.399,33","               6.622,56"
"12 - EDUCACAO","364 - ENSINO SUPERIOR","33905017 - TELEFONIA MOVEL CELULAR","              42.704,00","               1.414,00"
"12 - EDUCACAO","364 - ENSINO SUPERIOR","33909205 - REFORMAS DE BENS IMOVEIS E DE DOM.PUBLICO","              81.014,08","                   0,00"
"12 - EDUCACAO","364 - ENSINO SUPERIOR","33909215 - VIGILANCIA","              87.726,49","                   0,00"
"12 - EDUCACAO","364 - ENSINO SUPERIOR","33909216 - ENERGIA ELETRICA","              28.253,84","                   0,00"
"12 - EDUCACAO","364 - ENSINO SUPERIOR","33909218 - AGUA E ESGOTOS","              25.246,60","                   0,00"
"12 - EDUCACAO","364 - ENSINO SUPERIOR","33909220 - OUTRAS DESPESAS DE EXERCICIOS ANTERIORES","              75.075,04","                  44,50"
"12 - EDUCACAO","364 - ENSINO SUPERIOR","33909221 - DIARIAS","                  31,00","                   0,00"
"12 - EDUCACAO","364 - ENSINO SUPERIOR","33909301 - INDENIZACOES E RESTITUICOES DIVERSAS","             270.283,62","                   0,00"
"12 - EDUCACAO","364 - ENSINO SUPERIOR","33909315 - AJUDA DE CUSTO-PESSOAL CIVIL","              34.077,75","                   0,00"
"12 - EDUCACAO","364 - ENSINO SUPERIOR","44903999 - OUTROS SERVICOS DE TERCEIROS","              45.749,22","                   0,00"
"12 - EDUCACAO","364 - ENSINO SUPERIOR","44905110 - ESTUDOS E PROJETOS","             475.475,77","             567.802,59"
"12 - EDUCACAO","364 - ENSINO SUPERIOR","44905112 - INSTALACOES","             116.100,00","                   0,00"
"12 - EDUCACAO","364 - ENSINO SUPERIOR","44905130 - EXECUCAO DE OBRAS E INSTALACOES","          23.110.609,37","          10.614.281,76"
"12 - EDUCACAO","364 - ENSINO SUPERIOR","44905131 - DESAPROPRIACOES","         157.000.000,00","                   0,00"
"12 - EDUCACAO","364 - ENSINO SUPERIOR","44905210 - VEICULOS DIVERSOS","              36.500,00","              20.000,00"
"12 - EDUCACAO","364 - ENSINO SUPERIOR","44905220 - EQUIPAMENTOS PARA INFORMATICA","           2.653.053,42","             616.069,07"
"12 - EDUCACAO","364 - ENSINO SUPERIOR","44905231 - MAQUINAS E MOTORES","              48.055,01","                   0,00"
"12 - EDUCACAO","364 - ENSINO SUPERIOR","44905232 - MOBILIARIO EM GERAL","             678.782,16","              58.175,00"
"12 - EDUCACAO","364 - ENSINO SUPERIOR","44905233 - MATERIAL EDUCATIVO,CULTURAL E RECREATIVO","             118.224,17","              16.694,00"
"12 - EDUCACAO","364 - ENSINO SUPERIOR","44905234 - OUTROS EQUIPAMENTOS E MATERIAL PERMANENTE","           4.140.224,02","           2.505.076,02"
"12 - EDUCACAO","364 - ENSINO SUPERIOR","44905235 - EQUIP.E MOBIL.MED.-HOSPITALAR,ODONTOLOGICO","           2.529.502,43","             508.709,00"
"12 - EDUCACAO","364 - ENSINO SUPERIOR","44909201 - OUTRAS DESPESAS DE EXERCICIOS ANTERIORES","               4.000,00","                   0,00"
"12 - EDUCACAO","364 - ENSINO SUPERIOR","44909205 - OBRAS E INSTALACOES","             154.783,63","                   0,00"
"12 - EDUCACAO","846 - OUTROS ENCARGOS ESPECIAIS","31905921 - PENSAO JUDICIAL DE CARATER INDENIZATORIO","              51.281,97","                   0,00"
"12 - EDUCACAO","846 - OUTROS ENCARGOS ESPECIAIS","33909101 - SENTENCAS JUDICIAIS","           4.156.834,54","                   0,00"
"12 - EDUCACAO","846 - OUTROS ENCARGOS ESPECIAIS","33909102 - DESPESAS DECORRENTES DE ACOES JUDICIAIS","             465.570,88","                   0,00"
"12 - EDUCACAO","846 - OUTROS ENCARGOS ESPECIAIS","33909220 - OUTRAS DESPESAS DE EXERCICIOS ANTERIORES","               4.125,50","                   0,00"
"12 - EDUCACAO","846 - OUTROS ENCARGOS ESPECIAIS","33909301 - INDENIZACOES E RESTITUICOES DIVERSAS","              10.504,27","                   0,00"
